﻿<parameters>
  <parameter name="IIS Web Application Name" defaultValue="Default Web Site/" tags="IisApp">
    <parameterEntry kind="ProviderPath" scope="IisApp" match="^D:\\AWS\ Services\\RTPService\\RTPServiceTest\\RTPServiceTest\\obj\\Debug\\Package\\PackageTmp$" />
    <parameterEntry kind="ProviderPath" scope="setAcl" match="^D:\\AWS\ Services\\RTPService\\RTPServiceTest\\RTPServiceTest\\obj\\Debug\\Package\\PackageTmp$" />
  </parameter>
  <parameter name="DefaultConnection-Web.config Connection String" description="DefaultConnection Connection String used in web.config by the application to access the database." defaultValue="Data Source=(LocalDb)\MSSQLLocalDB;AttachDbFilename=|DataDirectory|\aspnet-RTPServiceTest-20181012123641.mdf;Initial Catalog=aspnet-RTPServiceTest-20181012123641;Integrated Security=True" tags="SqlConnectionString">
    <parameterEntry kind="XmlFile" scope="D:\\AWS\ Services\\RTPService\\RTPServiceTest\\RTPServiceTest\\obj\\Debug\\Package\\PackageTmp\\Web\.config$" match="/configuration/connectionStrings/add[@name='DefaultConnection']/@connectionString" />
  </parameter>
  <parameter name="Connection-Web.config Connection String" description="Connection Connection String used in web.config by the application to access the database." defaultValue="Server=rtptest.c1mghbhbcclo.us-east-2.rds.amazonaws.com,1433;Database=rtpdata;User ID=rancyvimal;Password=rancy_vimal83" tags="SqlConnectionString">
    <parameterEntry kind="XmlFile" scope="D:\\AWS\ Services\\RTPService\\RTPServiceTest\\RTPServiceTest\\obj\\Debug\\Package\\PackageTmp\\Web\.config$" match="/configuration/connectionStrings/add[@name='Connection']/@connectionString" />
  </parameter>
</parameters>